,mag_x,mag_y,mag_z
0,0.30000001192092896,-0.30000001192092896,0
1,0.5999999642372131,-0.5987554490566254,0
2,0.8999248445034027,-0.8987554609775543,0
3,1.199919879436493,-1.1843925416469574,0
4,1.499919831752777,-1.4690619111061096,0
5,1.799712896347046,-1.7287274301052094,0
6,2.0977181494235992,-2.010595917701721,0
7,2.397696018218994,-2.130326099693775,0
8,2.69766628742218,-2.3846766725182533,0
9,2.9976662695407867,-2.674496181309223,0
10,3.2976662814617157,-2.974203683435917,0
11,3.5976662933826447,-3.2741677835583687,0
12,3.8976663053035736,-3.574166603386402,0
13,4.197666317224503,-3.8741665557026863,0
14,4.4976663291454315,-4.174166567623615,0
15,4.7976663410663605,-4.474166579544544,0
16,5.097666352987289,-4.774166591465473,0
17,5.397666364908218,-5.074166603386402,0
18,5.697666376829147,-5.374166615307331,0
19,5.997666388750076,-5.67416662722826,0
20,6.297666400671005,-5.974166639149189,0
21,6.597666412591934,-6.274166651070118,0
22,6.897666424512863,-6.574166662991047,0
23,7.197666436433792,-6.874166674911976,0
24,7.225221939825703,-6.913477266923014,0
25,7.219016406327627,-6.9199568008169345,0
26,7.213057923066949,-6.926167439391073,0
27,7.20733809490418,-6.932119270882678,0
28,7.215327119695853,-6.9238034746648855,0
29,7.209515625614373,-6.92985457596494,0
30,7.2039358456732705,-6.935654859595,0
31,7.198578737781168,-6.941214890490345,0
32,7.193435596302485,-6.9465447757750995,0
33,7.1884980409453,-6.951654185539266,0
34,7.183758005888138,-6.956552372608006,0
35,7.179207729153825,-6.961248191356057,0
36,7.174839742236689,-6.965750115617193,0
37,7.170646859987762,-6.970066255735856,0
38,7.166622170761148,-6.974204374805399,0
39,7.162759026823486,-6.978171904134971,0
40,7.159009015207762,-6.982019043240571,0
41,6.948742323434044,-7.191312823297039,0
42,6.637946578057372,-7.479148696667048,0
43,6.316358765944627,-7.752651929493188,0
44,5.9852630159467175,-8.011031558416207,0
45,5.646005576829443,-8.253642894286791,0
46,5.299974249650401,-8.479992509020432,0
47,4.948577718243746,-8.689739844581169,0
48,4.593225321659974,-8.882695601249749,0
49,4.235307856646102,-9.058817105970945,0
50,3.876179886084696,-9.218200989928155,0
51,3.517143935545783,-9.36107357820958,0
52,3.15943685726025,-9.487779442260738,0
53,2.8042185358284195,-9.598768587861482,0
54,2.452563009035368,-9.694582749490118,0
55,2.1054519853287235,-9.77584123937553,0
56,1.7767265887252557,-9.840896434213537,0
57,1.4608835835265728,-9.892715459133685,0
58,1.153139429677507,-9.933290968038891,0
59,0.850051489851402,-9.963805119762299,0
60,0.5492212527791418,-9.984906409951758,0
61,0.2491438797086276,-9.99689588458356,0
62,-0.050855474567240745,-9.99987068519921,0
63,-0.3506397348579468,-9.993850698121257,0
64,-0.6492669205678261,-9.978900363559923,0
65,-0.9450186633814613,-9.955246844044638,0
66,-1.235480084554157,-9.923385962496372,0
67,-1.5176930097710646,-9.884159444691896,0
68,-1.7883888530236411,-9.838783731253615,0
69,-2.044285212596509,-9.788814942042743,0
70,-2.2824071878852354,-9.736047320586,0
71,-2.5003797000082124,-9.682360319456556,0
72,-2.7010561329810283,-9.628307004166702,0
73,-2.893431186507481,-9.572254487264006,0
74,-3.0777374213507325,-9.514595754167244,0
75,-3.2542352092174784,-9.455683645463678,0
76,-3.5542352211384074,-9.155683663345071,0
77,-3.8542352330593364,-8.855683651424142,0
78,-4.154235244980265,-8.555683639503213,0
79,-4.454235256901194,-8.255683627582284,0
80,-4.754235268822123,-7.955683615661355,0
81,-5.054235280743052,-7.655683603740426,0
82,-5.354235292663981,-7.355683591819497,0
83,-5.65423530458491,-7.055683579898568,0
84,-5.954235256901194,-6.7556835679776395,0
85,-6.253845901480128,-6.4556835560567105,0
86,-5.956287266006877,-6.155683544135782,0
87,-6.256247968664576,-5.855683532214853,0
88,-5.956253052940776,-5.555683520293924,0
89,-6.1551701587347285,-5.255683508372995,0
90,-5.866046385159899,-4.955683496452066,0
91,-6.165951357474734,-4.655683484531137,0
92,-6.088996351948191,-4.355683472610208,0
93,-6.138671775600125,-4.055683460689279,0
94,-5.897592162033726,-3.75568344876835,0
95,-6.197577183386494,-3.455683436847421,0
96,-5.898914282461812,-3.155683424926492,0
97,-5.694544752380063,-2.855683413005563,0
98,-5.868423720142056,-2.555683401084634,0
99,-5.569191505452801,-2.255683389163705,0
100,-5.803250213405301,-1.9556833772427762,0
101,-5.503377129575421,-1.6556833653218472,0
102,-5.2035833199230925,-1.3556833534009183,0
103,-4.904927601358105,-1.0556833414799893,0
104,-4.6052818198410765,-0.7556833295590604,0
105,-4.305412103673627,-0.4556833176381314,0
106,-4.484362458130528,-0.15568330571720246,0
107,-4.185082470318486,0.1443167062037265,0
108,-3.885082458397557,0.44431671812465545,0
109,-3.585082446476628,0.7443167300455844,0
110,-3.285082434555699,1.0443167419665134,0
111,-2.98508242263477,1.3443167538874423,0
112,-2.685082410713841,1.6443167658083713,0
113,-2.385082398792912,1.9443167777293002,0
114,-2.085082386871983,2.244316789650229,0
115,-1.7850823749510543,2.544316801571158,0
116,-1.4850823630301253,2.844316813492087,0
117,-1.1850823511091964,3.144316825413016,0
118,-0.8850823391882674,3.444316837333945,0
119,-0.5850823272673384,3.744316849254874,0
120,-0.2850823153464095,4.044316861175803,0
121,0.014917696574519468,4.344316873096732,0
122,0.3149177084954484,4.644316885017661,0
123,0.6149177204163774,4.94431689693859,0
124,0.9149177323373063,5.244316908859519,0
125,1.2149177442582353,5.544316920780448,0
126,1.5149177561791642,5.844316932701377,0
127,1.8149177681000932,6.144316944622306,0
128,2.114917780021022,6.4443169565432346,0
129,2.414917791941951,6.7443169684641635,0
130,2.71491780386288,7.0443169803850925,0
131,3.014917815783809,7.344316992306021,0
132,3.314917827704738,7.64431700422695,0
133,3.614917839625667,7.944317016147879,0
134,3.914917851546596,8.244317028068808,0
135,4.214917863467525,7.944317016147879,0
136,4.514917875388454,7.64431700422695,0
137,4.814917887309383,7.344316992306021,0
138,5.114917899230312,7.0443169803850925,0
139,5.414889718154262,6.7443169684641635,0
140,5.11489390836079,6.4443169565432346,0
141,4.814894283870052,6.144316944622306,0
142,4.5148943315537675,5.844316932701377,0
143,4.218710000375102,5.544316920780448,0
144,3.9189287076981767,5.244316908859519,0
145,3.618993903258632,4.94431689693859,0
146,3.3221653054745897,4.644316885017661,0
147,3.6221636186631425,4.344316873096732,0
148,3.9221636305840715,4.044316861175803,0
149,4.222163642505,3.744316849254874,0
150,4.522163654425929,3.444316837333945,0
151,4.822163636544536,3.144316825413016,0
152,5.12216296301205,2.844316813492087,0
153,5.42215013013203,2.544316801571158,0
154,5.722035909751247,2.244316789650229,0
155,5.423380995848964,1.9443167777293002,0
156,5.126661295750926,1.6443167658083713,0
157,4.8338801215680345,1.3443167538874423,0
158,4.539228464225124,1.0443167419665134,0
159,4.2705696772130235,0.7443167300455844,0
160,4.125379304149936,0.44431671812465545,0
161,4.369955385783504,0.1443167062037265,0
162,4.657969440081905,-0.15568330571720246,0
163,4.95446755991299,-0.4556833176381314,0
164,5.251833284953426,-0.7556833295590604,0
165,5.550719166854213,-1.0556833414799893,0
166,5.850353891709636,-1.3556833534009183,0
167,6.149902666667293,-1.6556833653218472,0
168,6.449558431962322,-1.9556833772427762,0
169,6.749307389119457,-2.255683389163705,0
170,7.04906144247372,-2.555683401084634,0
171,7.348840470174144,-2.855683413005563,0
172,7.64840420589764,-3.155683424926492,0
173,7.590839168736528,-3.455683436847421,0
174,7.291378966281007,-3.75568344876835,0
175,7.591293266722749,-4.055683460689279,0
176,7.891279420563768,-4.355683472610208,0
177,8.191278240391801,-4.655683484531137,0
178,8.491278103301118,-4.955683496452066,0
179,8.583138106508146,-5.131251333213737,0
180,8.53167842024997,-5.216364954011651,0
181,8.481464074085254,-5.297619008573676,0
182,8.432503785088656,-5.375209755392386,0
183,8.137212987139819,-5.675209767313315,0
184,7.837219531729815,-5.975209779234244,0
185,7.537219519808886,-6.275209791155173,0
186,7.237219507887957,-6.575209803076102,0
187,6.937219495967028,-6.875209814997031,0
188,6.637219484046099,-7.17520982691796,0
189,6.33721947212517,-7.475209838838889,0
190,6.037219460204241,-7.7752098507598175,0
191,5.737219448283312,-8.075209862680747,0
192,5.437219436362383,-8.375209874601676,0
193,5.095347465134377,-8.604500811177177,0
194,4.74147058408146,-8.804456638560394,0
195,4.384506231562876,-8.987552787349085,0
196,4.025795856498449,-9.153849885255926,0
197,3.6668450379036206,-9.303453523719114,0
198,3.817766910696244,-9.242545959614855,0
199,3.9618797005821786,-9.181694246603664,0
200,4.024265918779907,-9.15452258804065,0
201,4.159346589893494,-9.093945015511219,0
202,4.288376363455069,-9.033815814226006,0
203,4.400189696413201,-8.979884778524672,0
204,4.517535119374089,-8.921427937568163,0
205,4.394212693995171,-8.982811074487302,0
206,4.383019561343063,-8.988277895397097,0
207,4.027191303074081,-9.153236051170344,0
208,3.6679619228735394,-9.303013239394527,0
209,3.3095503204126993,-9.436465263892842,0
210,2.953149952913744,-9.55399944293517,0
211,2.5998844480889813,-9.656117276451496,0
212,2.2941399566457124,-9.733289364820179,0
213,1.9799478833997195,-9.802030727304468,0
214,2.18350830904893,-9.75870337003407,0
215,1.8524861360765617,-9.826916867239904,0
216,1.5357083320354714,-9.881376418238343,0
217,1.2265141033201468,-9.924498131107528,0
218,0.9225696382541054,-9.957352321906246,0
219,0.621366604368975,-9.980676507280204,0
220,0.3212007728133966,-9.994840171985947,0
221,0.02120071324685844,-9.999977526462638,0
222,-0.27869100777843836,-9.99611581176326,0
223,-0.5777244768349608,-9.983297773224324,0
224,-0.8743629036284095,-9.961701135486775,0
225,-1.166347740175473,-9.93174873569542,0
226,-1.4508329779860276,-9.89419444270165,0
227,-1.7508329899069566,-9.594197053385091,0
228,-2.0508330018278853,-9.294197041464162,0
229,-2.3508330137488143,-8.994197148752523,0
230,-2.650833025669743,-8.694197136831594,0
231,-2.950833037590672,-8.394197124910665,0
232,-3.250833049511601,-8.094197112989736,0
233,-3.55083306143253,-7.794197101068807,0
234,-3.850833073353459,-7.494197089147878,0
235,-4.150833085274388,-7.194197077226949,0
236,-4.450833097195317,-6.89419706530602,0
237,-4.750833109116246,-6.594197053385091,0
238,-5.050833121037175,-6.294197041464162,0
239,-5.350833132958104,-5.994197029543233,0
240,-5.650833144879033,-5.6941970176223045,0
241,-5.950833156799962,-5.3941970057013755,0
242,-6.250833168720891,-5.0941969937804465,0
243,-6.55083318064182,-4.794196981859518,0
244,-6.850833192562749,-4.494196969938589,0
245,-7.1508332044836775,-4.19419695801766,0
246,-7.4508332164046065,-3.8941969460967307,0
247,-7.7508332283255355,-3.5941969341758018,0
248,-8.050833240246465,-3.294196922254873,0
249,-8.350833252167394,-2.994196910333944,0
250,-8.650833264088323,-2.694196898413015,0
251,-8.950833276009252,-2.394196886492086,0
252,-9.250833287930181,-2.094196874571157,0
253,-9.55083329985111,-1.794196862650228,0
254,-9.850833311772039,-1.494196850729299,0
255,-9.929448410444051,-1.1857715902863082,0
256,-9.960999780329134,-0.8823170497519333,0
257,-9.98308834094541,-0.5813322431104566,0
258,-9.99604495637814,-0.2812209630648687,0
259,-9.999982367412839,0.018779015743738667,0
260,-9.994922865788986,0.3186171792739566,0
261,-9.707958985726883,0.6186171911948856,0
262,-9.466033224623253,0.9186172031158145,0
263,-9.166100744764854,1.2186172150367436,0
264,-8.866100762646248,1.5186172269576725,0
265,-8.566100750725319,1.8186172388786015,0
266,-8.26610073880439,2.1186172507995304,0
267,-7.966100726883461,2.4186172627204594,0
268,-7.666100714962532,2.7186172746413884,0
269,-7.366100703041603,3.0186172865623173,0
270,-7.066100691120674,3.3186172984832463,0
271,-6.766100679199745,3.6186173104041752,0
272,-6.466100667278816,3.918617322325104,0
273,-6.166100655357887,4.218617334246034,0
274,-5.866100643436958,4.5186173461669625,0
275,-5.566100631516029,4.8186173580878915,0
276,-5.2661006195951,5.1186173700088204,0
277,-4.966100607674171,5.418617381929749,0
278,-4.666100595753242,5.718617393850678,0
279,-4.3661005838323135,6.018617405771607,0
280,-4.0661005719113845,6.318617417692536,0
281,-3.7661005599904556,6.618617429613465,0
282,-3.4661005480695266,6.918617441534394,0
283,-3.1661005361485977,7.218617453455323,0
284,-2.8661005242276687,7.518617465376252,0
285,-2.5661005123067397,7.818617477297181,0
286,-2.266100500385811,8.11861748921811,0
287,-1.9661004884648818,8.418617501139039,0
288,-1.6661004765439529,8.718617513059968,0
289,-1.366100464623024,9.018617524980897,0
290,-1.066100452702095,9.318617536901826,0
291,-0.766100440781166,9.618617548822755,0
292,-0.46610042886023706,9.918617560743684,0
293,-0.16607750866793042,9.998620817948575,0
294,0.13391049520913234,9.999103358765367,0
295,0.4335026033112916,9.990599356040773,0
296,0.7315373243117729,9.973206763280244,0
297,1.026092613688585,9.947217397249027,0
298,1.3145843734760352,9.913216830323679,0
299,1.593941952085598,9.872150173765672,0
300,1.860861304698089,9.825334355871933,0
301,2.1121131970544833,9.774404219328577,0
302,2.3448621533308605,9.721194447282523,0
303,2.55694097068635,9.667577404522063,0
304,2.75529004074762,9.612927586919449,0
305,2.9454010128307604,9.556391205555345,0
306,3.127509779585067,9.498351571646513,0
307,3.301862214857392,9.439158114688885,0
308,3.4687112090813694,9.379128027060577,0
309,3.7687112210022984,9.079128015139649,0
310,4.068711232923228,8.77912800321872,0
311,4.368711244844157,8.47912799129779,0
312,4.668711256765086,8.179127979376862,0
313,4.968711268686015,7.879127967455933,0
314,5.268711280606944,7.579127955535004,0
315,5.568711292527873,7.279127943614075,0
316,5.8687113044488015,6.979127931693146,0
317,6.1687113163697305,6.679127919772217,0
318,6.468711328290659,6.379127907851288,0
319,6.768711340211588,6.079127895930359,0
320,7.068711352132517,5.77912788400943,0
321,7.368711364053446,5.479127872088501,0
322,7.668711375974375,5.179127860167572,0
323,7.968711387895304,4.879127848246643,0
324,8.268711399816233,4.579127836325714,0
325,8.568711322330195,4.279127824404785,0
326,8.868709307693202,3.9791278124838563,0
327,9.168694001220423,3.6791278005629273,0
328,9.418221288445382,3.3611170407878137,0
329,9.538019416066014,3.0043610999258576,0
330,9.642313241434627,2.6506216919912324,0
331,9.731308497096931,2.3025279443101345,0
332,9.504961154963409,2.0025279323892056,0
333,9.206663839127456,1.7025279204682766,0
334,8.906667761113082,1.4025279085473477,0
335,8.737521104123031,1.1025278966264187,0
336,8.461990467812454,0.8025278847054897,0
337,8.163765839840805,0.5025278727845608,0
338,7.864809237028991,0.20252786086363184,0
339,7.5648232321995845,-0.09747215105729712,0
340,7.264826558138763,-0.3974721629782261,0
341,6.964836589600479,-0.697472174899155,0
342,6.66483657767955,-0.997472186820084,0
343,6.364836565758621,-1.297472198741013,0
344,6.064836553837692,-1.597472210661942,0
345,5.764836541916763,-1.8974722225828708,0
346,5.464836529995834,-2.1974722345038,0
347,5.164836518074905,-2.4974722464247288,0
348,4.864836506153976,-2.7974722583456577,0
349,4.564846865441238,-3.0974722702665867,0
350,4.265847108866607,-3.3974722821875156,0
351,3.968793831374084,-3.6974722941084446,0
352,4.261257879044448,-3.9974723060293735,0
353,4.561257384325897,-4.2974723179503025,0
354,4.861257396246826,-4.5974723298712314,0
355,5.161257408167755,-4.89747234179216,0
356,5.461257420088684,-5.197472353713089,0
357,5.761257432009613,-5.497472365634018,0
358,6.061206094529068,-5.797472377554947,0
359,6.361072174813186,-6.097472389475876,0
360,6.25753862371627,-6.397472401396805,0
361,5.96952632775489,-6.697472413317734,0
362,5.675474233533775,-6.997472425238663,0
363,5.3810676704901805,-7.297472437159592,0
364,5.0831035148162,-7.597472449080521,0
365,5.383057124521171,-7.89747246100145,0
366,5.682675845529472,-8.197472472922378,0
367,5.589320726247597,-8.292134454960257,0
368,5.243657431630796,-8.514931399588791,0
369,5.323672182435636,-8.465135231876747,0
370,5.396741117091314,-8.418740126354775,0
371,5.097096637814159,-8.603464759315493,0
372,5.111739467109927,-8.594772807956632,0
373,5.197738337293992,-8.543039048080272,0
374,5.279834617948346,-8.492546520750667,0
375,5.358148911321152,-8.443354797952528,0
376,5.424495368232416,-8.400883882070094,0
377,5.493643624458052,-8.355829086778366,0
378,5.186303485383978,-8.549985740192437,0
379,5.257104518114808,-8.50663576777664,0
380,5.0461904146574295,-8.633421239521414,0
381,4.691791602520845,-8.831030039497934,0
382,4.33445471162061,-9.011797953400304,0
383,3.9795881138054376,-9.174032834280595,0
384,3.7014996529725015,-9.289720142127235,0
385,3.8508155001399675,-9.228825493196942,0
386,3.6113453329769603,-9.325137258291994,0
387,3.7641369719771003,-9.264516871170082,0
388,3.76289653340863,-9.265020759764184,0
389,3.5275632756907256,-9.35715220224605,0
390,3.6830314518483083,-9.29705756272898,0
391,3.4128670735708106,-9.399592455959791,0
392,3.2979405888528954,-9.440529003842771,0
393,2.9622721911722913,-9.551174978263528,0
394,3.103893911088716,-9.506095023126289,0
395,2.7492995822283484,-9.61464257303198,0
396,2.3998568852029765,-9.707764260144755,0
397,2.065306633006675,-9.784401285293784,0
398,1.738446130078586,-9.847730959607638,0
399,1.423869076129537,-9.8981107719626,0
400,1.1168888566688535,-9.93743222778646,0
401,0.8141789845088041,-9.966800518781552,0
402,0.5135020489877983,-9.986807079626868,0
403,0.8053030425091312,-9.967521608189548,0
404,1.0754970859419242,-9.941997083993257,0
405,0.7749365944678808,-9.969928448818202,0
406,1.0749362785632635,-9.669991886041636,0
407,0.8042727191264654,-9.369993870876307,0
408,0.9048477117235685,-9.069993948362345,0
409,0.6048476998026395,-8.769993936441416,0
410,0.304848105114224,-8.469993924520487,0
411,0.004848093193295044,-8.169993912599558,0
412,-0.2951519187276339,-7.869993930480952,0
413,-0.5951519306485629,-7.569994246385569,0
414,-0.8951519425694918,-7.26999423446464,0
415,-1.1951519544904208,-6.969994222543711,0
416,-1.4951519664113497,-6.669994210622782,0
417,-1.7951519783322787,-6.369994198701853,0
418,-2.095151990253208,-6.069994186780924,0
419,-2.395152002174137,-5.769994174859995,0
420,-2.6951520140950658,-5.4699941629390665,0
421,-2.9951520260159947,-5.1699941510181375,0
422,-3.2951520379369237,-4.869994139097209,0
423,-3.5951520498578526,-4.56999412717628,0
424,-3.8951520617787816,-4.269994115255351,0
425,-4.1951520736997105,-3.9699941033344217,0
426,-4.4951520856206395,-3.6699940914134928,0
427,-4.7951520975415685,-3.369994079492564,0
428,-5.095152109462497,-3.069994067571635,0
429,-5.395152121383426,-2.769994055650706,0
430,-5.695152133304355,-2.469994043729777,0
431,-5.995152145225284,-2.169994031808848,0
432,-6.295152157146213,-1.869994019887919,0
433,-6.5951519604508855,-1.56999400796699,0
434,-6.895151942569492,-1.2699939960460611,0
435,-7.195151716071842,-0.9699939841251322,0
436,-7.495151608783481,-0.6699939722042032,0
437,-7.795130639869449,-0.36999396028327425,0
438,-8.095102130967852,-0.06999394836234529,0
439,-8.39509502013373,0.23000606355858366,0
440,-8.09735354741263,0.5300060754795126,0
441,-7.898536100584742,0.8300060874004416,0
442,-8.019661716717955,1.1300060993213705,0
443,-8.220527059931037,1.4300061112422995,0
444,-8.216759627053243,1.7300061231632284,0
445,-8.433471982666951,2.0300061350841574,0
446,-8.13350302476595,2.3300061470050863,0
447,-7.833508675286275,2.6300061589260153,0
448,-7.533508663365346,2.9300061708469443,0
449,-7.233508651444417,3.230006182767873,0
450,-6.933508639523488,3.530006194688802,0
451,-6.633508627602559,3.830006206609731,0
452,-6.33350861568163,4.13000621853066,0
453,-6.033508603760701,4.430006230451589,0
454,-5.733508591839772,4.730006242372518,0
455,-5.433508579918843,5.030006254293447,0
456,-5.133508567997914,5.330006266214376,0
457,-4.8335085560769855,5.630006278135305,0
458,-4.5335085441560565,5.930006290056234,0
459,-4.233508532235128,6.230006301977163,0
460,-3.9335085203141986,6.530006313898092,0
461,-3.6335085083932697,6.830006325819021,0
462,-3.3335084964723407,7.13000633773995,0
463,-3.0335084845514118,7.430006349660879,0
464,-2.733508472630483,7.7300063615818075,0
465,-2.433508460709554,8.030006373502736,0
466,-2.133508448788625,8.330006385423665,0
467,-1.833508436867696,8.630006397344594,0
468,-1.533508424946767,8.930006409265523,0
469,-1.233508413025838,9.230006421186452,0
470,-0.9335084011049091,9.530006433107381,0
471,-0.6335083891839801,9.83000644502831,0
472,-0.33332305476808566,9.994443243180687,0
473,-0.033322857834967495,9.999944479203158,0
474,0.266582378632016,9.996446060245756,0
475,0.5656751652753677,9.983987760779293,0
476,0.862449638094401,9.962739614270305,0
477,1.154674333906316,9.93311266334063,0
478,1.4395233632135693,9.895846223884154,0
479,1.7137875079587641,9.852052191171364,0
480,1.9741559557545076,9.803198879057742,0
481,2.2175357152228927,9.751027399803107,0
482,2.4413577636529573,9.697410596125723,0
483,2.644452136747953,9.644007097490608,0
484,2.839181021587492,9.588485340587292,0
485,3.025773228820743,9.531248416013073,0
486,3.204469391952596,9.472664668193367,0
487,3.3755187866462952,9.413069261457599,0
488,3.5391765282909198,9.35276587441355,0
489,3.8391765402118487,9.05276586249262,0
490,4.139176552132778,8.752765850571691,0
491,4.439176564053707,8.452765838650762,0
492,4.739176575974636,8.152765826729834,0
493,5.0391765878955646,7.852765814808905,0
494,5.3391765998164935,7.552765802887976,0
495,5.6391766117374225,7.252765790967047,0
496,5.939176623658351,6.952765779046118,0
497,6.23917663557928,6.652765767125189,0
498,6.539176647500209,6.35276575520426,0
499,6.839176659421138,6.052765743283331,0
500,7.139176671342067,5.752765731362402,0
501,7.439176683262996,5.452765719441473,0
502,7.739176695183925,5.152765707520544,0
503,8.039176707104854,4.852765695599615,0
504,8.339176719025783,4.552765683678686,0
505,8.639176671342067,4.252765671757757,0
506,8.939175550774745,3.952765659836828,0
507,9.239160631732158,3.652765647915899,0
508,9.434239437117965,3.315889962457757,0
509,9.552049784193924,2.9594501043742594,0
510,9.654219144583509,2.606923993590391,0
511,9.741564616883212,2.2587427509765345,0
512,9.514820963466578,1.9587427390556056,0
513,9.21512526305955,1.6587427271346766,0
514,8.915128439987116,1.3587427152137477,0
515,8.730729610050135,1.0587427032928187,0
516,8.45564970406335,0.7587426913718898,0
517,8.157589137876444,0.4587426794509608,0
518,7.858826279962473,0.15874266753003186,0
519,7.55883869560998,-0.1412573443908971,0
520,7.258846313083582,-0.44125735631182605,0
521,6.958860129440241,-0.741257368232755,0
522,6.658860117519312,-1.041257380153684,0
523,6.358860105598383,-1.341257392074613,0
524,6.058860093677454,-1.6412574039955419,0
525,5.758860081756525,-1.9412574159164708,0
526,5.4588600698355965,-2.2412574278374,0
527,5.1588600579146675,-2.5412574397583287,0
528,4.8588600459937386,-2.8412574516792577,0
529,4.558892131174021,-3.1412574636001867,0
530,4.258892119253092,-3.4412574755211156,0
531,3.978088736856394,-3.7412574874420446,0
532,4.277705699527674,-4.041257499362974,0
533,4.577705681646281,-4.341257511283903,0
534,4.87770569356721,-4.641257523204832,0
535,5.177705645883494,-4.941257535125761,0
536,5.477705657804423,-5.24125754704669,0
537,5.777705639923029,-5.541257558967619,0
538,6.077687889659815,-5.841257570888548,0
539,6.349461973035746,-6.141257582809477,0
540,6.284441598081999,-6.441257594730406,0
541,5.989957280779295,-6.7412576066513346,0
542,5.697331138277464,-7.0412576185722635,0
543,5.400268383646422,-7.3412576304931925,0
544,5.10154483499568,-7.641257642414121,0
545,5.401544519091063,-7.94125765433505,0
546,5.688919611094535,-8.224122668011706,0
547,5.401930559660116,-8.415411233481711,0
548,5.098620767559939,-8.602561610857924,0
549,5.185214843113816,-8.55064600078568,0
550,5.2673385122787755,-8.500302641498408,0
551,5.0697318943690055,-8.619618235120257,0
552,5.157636874492646,-8.567308904835503,0
553,5.2415533800227285,-8.516226756279584,0
554,5.321655735169718,-8.46640302822487,0
555,5.3976643079397535,-8.418148253552753,0
556,5.470398426984058,-8.37106570575398,0
557,5.522698756888318,-8.336653911532146,0
558,5.18729399747608,-8.5493848307202,0
559,5.253129581351294,-8.509090997370517,0
560,4.944458696944423,-8.692084226134181,0
561,4.589068634150548,-8.884843784279813,0
562,4.231195227964679,-9.060738763635609,0
563,3.8938941429918006,-9.210732240336496,0
564,3.7184049317746464,-9.282966377368496,0
565,3.8665534371230117,-9.22224292229782,0
566,3.620380842075301,-9.321633041390019,0
567,3.771949167190407,-9.261338967996561,0
568,3.646643424708277,-9.311390429631436,0
569,3.7103872480963056,-9.286173941358427,0
570,3.414021490818714,-9.399173222163105,0
571,3.5753431599836305,-9.33900001543839,0
572,3.218066833705114,-9.468053963397502,0
573,2.9587324033231233,-9.552272115341237,0
574,3.079693782255222,-9.513962697401043,0
575,2.72532521291967,-9.621465713903696,0
576,2.3761245252795464,-9.713600374751119,0
577,2.0433815988320014,-9.789003608210326,0
578,1.7174768352765954,-9.851409712334995,0
579,1.4038695657659008,-9.900967136715295,0
580,1.0972513066578244,-9.939619689406516,0
581,0.7947305511231776,-9.968370145169743,0
582,0.4941483524610196,-9.987783408032037,0
583,0.7906022091403843,-9.968698417892996,0
584,1.0733994068073192,-9.942223781099763,0
585,0.7718875914392989,-9.970164970860916,0
586,1.07188700731378,-9.670221613154846,0
587,0.7905339508829634,-9.370223329768615,0
588,0.8732087671337645,-9.070223377452331,0
589,0.5732087552128355,-8.770223365531402,0
590,0.2732094287453215,-8.470223353610473,0
591,-0.026790583175607452,-8.170223341689544,0
592,-0.3267905950965364,-7.870223329768615,0
593,-0.6267906070174654,-7.570223496661621,0
594,-0.9267906189383943,-7.270223484740692,0
595,-1.2267906308593233,-6.970223472819763,0
596,-1.5267906427802522,-6.670223460898834,0
597,-1.8267906547011812,-6.370223448977905,0
598,-2.12679066662211,-6.070223437056976,0
599,-2.426790678543039,-5.770223425136047,0
600,-2.726790690463968,-5.470223413215118,0
601,-3.026790702384897,-5.170223401294189,0
602,-3.326790714305826,-4.87022338937326,0
603,-3.626790726226755,-4.570223377452331,0
604,-3.926790738147684,-4.270223365531402,0
605,-4.226790750068613,-3.970223353610473,0
606,-4.526790761989542,-3.6702233416895442,0
607,-4.826790773910471,-3.3702233297686153,0
608,-5.1267907858314,-3.0702233178476863,0
609,-5.426790797752329,-2.7702233059267574,0
610,-5.726790809673258,-2.4702232940058284,0
611,-6.0267908215941866,-2.1702232820848995,0
612,-6.3267908335151155,-1.8702232701639705,0
613,-6.626790636819788,-1.5702232582430415,0
614,-6.926790618938394,-1.2702232463221126,0
615,-7.226790422243067,-0.9702232344011836,0
616,-7.526786708873697,-0.6702232224802547,0
617,-7.826785618108698,-0.3702232105593257,0
618,-8.12674673799891,-0.07022319863839677,0
619,-8.42673688535113,0.2297768132825322,0
620,-8.135079824966379,0.5297768252034611,0
621,-8.177505528223701,0.8297768371243901,0
622,-8.255285357725807,1.129776849045319,0
623,-8.322447312665172,1.429776860966248,0
624,-8.288471897733398,1.729776872887177,0
625,-8.47720948387403,2.029776884808106,0
626,-8.17723504234571,2.329776896729035,0
627,-7.877239202749916,2.629776908649964,0
628,-7.577239190828987,2.929776920570893,0
629,-7.277239178908058,3.2297769324918217,0
630,-6.977239166987129,3.5297769444127507,0
631,-6.6772391550662,3.8297769563336796,0
632,-6.377239143145271,4.129776968254609,0
633,-6.077239131224342,4.429776980175538,0
634,-5.777239119303413,4.7297769920964665,0
635,-5.477239107382484,5.0297770040173955,0
636,-5.177239095461555,5.329777015938324,0
637,-4.877239083540626,5.629777027859253,0
638,-4.577239071619697,5.929777039780182,0
639,-4.277239059698768,6.229777051701111,0
640,-3.9772390477778394,6.52977706362204,0
641,-3.6772390358569105,6.829777075542969,0
642,-3.3772390239359815,7.129777087463898,0
643,-3.0772390120150526,7.429777099384827,0
644,-2.7772390000941236,7.729777111305756,0
645,-2.4772389881731947,8.029777123226685,0
646,-2.1772389762522657,8.329777135147614,0
647,-1.8772389643313367,8.629777147068543,0
648,-1.5772389524104078,8.929777158989472,0
649,-1.2772389404894788,9.2297771709104,0
650,-0.9772389285685499,9.52977718283133,0
651,-0.6772389166476209,9.829777194752259,0
652,-0.3769707680629366,9.992892125907597,0
653,-0.07696847617812932,9.999703788296673,0
654,0.22297608506715083,9.997513774208471,0
655,0.5222623804203854,9.986352787980087,0
656,0.8194966874807073,9.966364692264083,0
657,1.1125467835060467,9.937919281947824,0
658,1.39866204247506,9.901704120551145,0
659,1.674672924347711,9.858776323482378,0
660,1.9372639363740143,9.810555970016411,0
661,2.1832904293985815,9.758752118016758,0
662,2.410090181477645,9.705228761711135,0
663,2.6157345344235163,9.651835724121302,0
664,2.8116539702002687,9.59659324718189,0
665,2.999402979690057,9.539579747841433,0
666,3.1792206994877796,9.481168479884133,0
667,3.351355342422512,9.421699282444546,0
668,3.516061342067068,9.361480258955925,0
669,3.816061353987997,9.061480634465187,0
670,4.1160613659089265,8.761480622544259,0
671,4.416061377829855,8.46148061062333,0
672,4.716061389750784,8.1614805987024,0
673,5.016061401671713,7.861480586781472,0
674,5.316061413592642,7.561480574860543,0
675,5.616061425513571,7.261480562939614,0
676,5.9160614374345,6.961480551018685,0
677,6.216061449355429,6.661480539097756,0
678,6.516061461276358,6.361480527176827,0
679,6.816061473197287,6.061480515255898,0
680,7.116061485118216,5.761480503334969,0
681,7.416061497039145,5.46148049141404,0
682,7.716061508960074,5.161480479493111,0
683,8.016061520881003,4.861480467572182,0
684,8.316061473197287,4.561480455651253,0
685,8.616061425513571,4.261480443730324,0
686,8.91605994731838,3.9614804318093952,0
687,9.216052002019232,3.6614804198884663,0
688,9.429008864558899,3.3307344283310436,0
689,9.547470565905918,2.9741899389850857,0
690,9.650331350112976,2.621279235988921,0
691,9.738237966437689,2.273042302516949,0
692,9.519076157946936,1.97304229059602,0
693,9.22080825700318,1.6730422786750911,0
694,8.920811702151648,1.3730422667541622,0
695,8.726915319104544,1.0730422548332332,0
696,8.452623863358847,0.7730422429123043,0
697,8.154551882882467,0.4730422309913753,0
698,7.8557860447362575,0.17304221907044637,0
699,7.555803914208761,-0.1269577928504826,0
700,7.2558086110547695,-0.42695780477141154,0
701,6.955816794772497,-0.7269578166923405,0
702,6.655816782851568,-1.0269578286132695,0
703,6.355816770930639,-1.3269578405341984,0
704,6.05581675900971,-1.6269578524551274,0
705,5.755816747088781,-1.9269578643760563,0
706,5.455816735167852,-2.2269578762969853,0
707,5.155816723246923,-2.5269578882179142,0
708,4.8558167113259945,-2.826957900138843,0
709,4.555852849622122,-3.126957912059772,0
710,4.255852837701193,-3.426957923980701,0
711,3.9708329929307613,-3.72695793590163,0
712,4.265964080233923,-4.0269579478225594,0
713,4.565964032550207,-4.326957959743488,0
714,4.865964044471136,-4.626957971664417,0
715,5.165964056392065,-4.926957983585346,0
716,5.465964068312994,-5.226957995506275,0
717,5.765964080233923,-5.526958007427204,0
718,6.065937299867025,-5.826958019348133,0
719,6.36577387585198,-6.126958031269062,0
720,6.3361799052253875,-6.426958043189991,0
721,6.042351268817535,-6.72695805511092,0
722,5.748994969417206,-7.026958067031849,0
723,5.451519065190903,-7.326958078952778,0
724,5.152613841582886,-7.626958090873707,0
725,5.452513479282013,-7.926958102794636,0
726,5.729797000674682,-8.195695597754922,0
727,5.515497222426951,-8.341420166218734,0
728,5.173625141834104,-8.557663401407071,0
729,5.256816279810519,-8.50681389242289,0
730,5.335118870376101,-8.457925669982968,0
731,5.092286429949237,-8.60631273632064,0
732,5.1791679682043155,-8.554309975510964,0
733,5.262107760549186,-8.503541727796014,0
734,5.3412804202058615,-8.454035928047947,0
735,5.416571379445456,-8.405995151757605,0
736,5.488623761670241,-8.359127299116148,0
737,5.546008936998691,-8.321164874627268,0
738,5.222232170055664,-8.52808836504616,0
739,5.285427654486135,-8.489066763148537,0
740,5.10720283942495,-8.597469346090728,0
741,4.753456105772366,-8.79799153503204,0
742,4.396526060970551,-8.981679052115298,0
743,4.039730557516939,-9.147708840068308,0
744,3.9983535116044386,-9.165869800310304,0
745,4.0912012441037895,-9.124805333827325,0
746,3.7325620876141716,-9.277283021558917,0
747,3.8754769892306995,-9.218496520905314,0
748,3.5283154969058823,-9.356868586994999,0
749,3.6852681183046885,-9.296171195508775,0
750,3.831473020586269,-9.23687254932748,0
751,3.4744076907587123,-9.3770193131078,0
752,3.59912706512413,-9.329859825800758,0
753,3.2411633715333985,-9.460172302819345,0
754,2.9586946592994146,-9.552283806139405,0
755,3.090162522108482,-9.51056757438567,0
756,2.7355592308143057,-9.61856099916753,0
757,2.3864589111000813,-9.711066566841719,0
758,2.0529573918259305,-9.78699984404553,0
759,1.7266298501976087,-9.84980961036337,0
760,1.412611221871544,-9.899723710076083,0
761,1.1058326714391224,-9.938668628281045,0
762,0.8032296980919968,-9.967688902253272,0
763,0.5783187489173425,-9.98326336548579,0
764,0.8707588439407732,-9.962016815670356,0
765,1.1546137465676896,-9.933119706126416,0
766,0.8516215823596999,-9.963671044372107,0
767,1.151616468281178,-9.66371260669091,0
768,0.854478492588429,-9.363713697455909,0
769,1.0733770273632093,-9.063713745139625,0
770,0.7733770154422803,-8.763713733218696,0
771,0.47337700352135137,-8.463713721297767,0
772,0.17337711080971197,-8.163713709376838,0
773,-0.126622901111217,-7.863713697455909,0
774,-0.42662291303214595,-7.56371368553498,0
775,-0.7266229249530749,-7.263713673614051,0
776,-1.0266229070716815,-6.963713661693122,0
777,-1.3266229189926104,-6.663713649772193,0
778,-1.6266229309135394,-6.363713637851264,0
779,-1.9266229428344683,-6.063713625930335,0
780,-2.2266229547553973,-5.763713614009406,0
781,-2.5266229666763262,-5.463713602088477,0
782,-2.826622978597255,-5.163713590167548,0
783,-3.126622990518184,-4.863713578246619,0
784,-3.426623002439113,-4.56371356632569,0
785,-3.726623014360042,-4.263713554404761,0
786,-4.026623026280971,-3.9637135424838323,0
787,-4.3266230382019,-3.6637135305629034,0
788,-4.626623050122829,-3.3637135186419744,0
789,-4.926623062043758,-3.0637135067210455,0
790,-5.226623073964687,-2.7637134948001165,0
791,-5.526623085885616,-2.4637134828791876,0
792,-5.826623097806545,-2.1637134709582586,0
793,-6.126623109727474,-1.8637134590373297,0
794,-6.426623121648403,-1.5637134471164007,0
795,-6.726620421557994,-1.2637134351954717,0
796,-7.026620224862667,-0.9637134232745428,0
797,-7.326620206981273,-0.6637134113536138,0
798,-7.626595840602489,-0.3637133994326849,0
799,-7.926587925105663,-0.06371338751175593,0
800,-8.226548121123882,0.23628662440917303,0
801,-7.93575926199493,0.536286636330102,0
802,-7.797432706504436,0.8362866482510309,0
803,-7.994243935494991,1.13628666017196,0
804,-8.136192620545001,1.4362866720928888,0
805,-8.13279206124072,1.7362866840138178,0
806,-8.322267612488316,2.0362866959347468,0
807,-8.079075461299466,2.3362867078556757,0
808,-7.779091125400113,2.6362867197766047,0
809,-7.479092156560467,2.9362867316975336,0
810,-7.179092144639538,3.2362867436184626,0
811,-6.879092132718609,3.5362867555393915,0
812,-6.5790921207976805,3.8362867674603205,0
813,-6.2790921088767515,4.1362867793812494,0
814,-5.9790920969558226,4.436286791302178,0
815,-5.679092085034894,4.736286803223107,0
816,-5.379092073113965,5.036286815144036,0
817,-5.079092061193036,5.336286827064965,0
818,-4.779092049272107,5.636286838985894,0
819,-4.479092037351178,5.936286850906823,0
820,-4.179092025430249,6.236286862827752,0
821,-3.87909201350932,6.536286874748681,0
822,-3.579092001588391,6.83628688666961,0
823,-3.279091989667462,7.136286898590539,0
824,-2.979091977746533,7.436286910511468,0
825,-2.679091965825604,7.736286922432397,0
826,-2.379091953904675,8.036286934353326,0
827,-2.079091941983746,8.336286946274255,0
828,-1.7790919300628172,8.636286958195184,0
829,-1.4790919181418882,8.936286970116113,0
830,-1.1790919062209593,9.236286982037042,0
831,-0.8790918943000303,9.53628699395797,0
832,-0.5790918823791014,9.8362870058789,0
833,-0.27898323841637784,9.996107660118646,0
834,0.021016727088659495,9.999977914834735,0
835,0.32085146006234216,9.994851391620381,0
836,0.619658363729827,9.980782710402009,0
837,0.9157937684086832,9.957977795403233,0
838,1.2069065299880326,9.926901663050373,0
839,1.490083346829704,9.888359399794325,0
840,1.7620740356576894,9.843530621319823,0
841,2.019583191957408,9.793941174561093,0
842,2.2595913186202754,9.741367823504863,0
843,2.4796525450472044,9.687689262968798,0
844,2.6811793551728242,9.633860973949906,0
845,2.8743820471330497,9.577991848353141,0
846,3.0594918816458128,9.520478424225507,0
847,3.23675132304317,9.461682771726089,0
848,3.4064109303598866,9.401934086852805,0
849,3.568726622499347,9.34153040426805,0
850,3.868726634420276,9.041530392347122,0
851,4.168726646341205,8.741530380426193,0
852,4.468726658262134,8.441530368505264,0
853,4.768726670183063,8.141530356584335,0
854,5.068726682103992,7.841530344663406,0
855,5.368726694024921,7.541530332742477,0
856,5.66872670594585,7.241530320821548,0
857,5.968726717866779,6.941530308900619,0
858,6.268726729787708,6.64153029697969,0
859,6.568726741708637,6.341530285058761,0
860,6.8687267536295655,6.041530273137832,0
861,7.1687267655504945,5.741530261216903,0
862,7.468726777471423,5.441530249295974,0
863,7.768726789392352,5.141530237375045,0
864,8.068726801313282,4.841530225454116,0
865,8.368726813234211,4.541530213533187,0
866,8.668726795352818,4.2415302016122585,0
867,8.968725585378529,3.9415301896913295,0
868,9.268714570440174,3.6415301777704006,0
869,9.440894291160694,3.29689474856712,0
870,9.557870294418786,2.9405978023298216,0
871,9.659218534481766,2.5883387149142387,0
872,9.745634901475768,2.2411158754373712,0
873,9.519185367178778,1.9411158635164423,0
874,9.219427081894736,1.6411158515955133,0
875,8.9194297223805,1.3411158396745844,0
876,8.71055431957231,1.0411158277536554,0
877,8.429797428798537,0.7411158158327265,0
878,8.131530362319808,0.4411158039117975,0
879,7.832610923004012,0.14111579199086854,0
880,7.5326155006407305,-0.1588842199300604,0
881,7.2326275586603685,-0.45888423185098937,0
882,6.9326366066454455,-0.7588842437719183,0
883,6.6326365947245165,-1.0588842556928473,0
884,6.3326365828035875,-1.3588842676137762,0
885,6.032636570882659,-1.6588842795347052,0
886,5.73263655896173,-1.9588842914556341,0
887,5.432636547040801,-2.258884303376563,0
888,5.132636535119872,-2.558884315297492,0
889,4.832636523198943,-2.858884327218421,0
890,4.5326624691008135,-3.15888433913935,0
891,4.2326624571798845,-3.458884351060279,0
892,3.9387207507608935,-3.758884362981208,0
893,4.23278309698091,-4.058884374902137,0
894,4.5327830790995165,-4.358884386823066,0
895,4.8327830910204455,-4.658884398743995,0
896,5.132783073139052,-4.958884410664924,0
897,5.432783085059981,-5.258884422585853,0
898,5.7327830671785875,-5.558884434506782,0
899,6.032781648588042,-5.858884446427711,0
900,6.332509595107894,-6.1588844583486395,0
901,6.236497040045123,-6.4588844702695685,0
902,5.943595106851916,-6.758884482190497,0
903,5.650578494322161,-7.058884494111426,0
904,5.3540667250274225,-7.358884506032355,0
905,5.0556208744166895,-7.658884517953284,0
906,5.355620618116717,-7.958884529874213,0
907,5.649663308420192,-8.251139588050282,0
908,5.369348634989867,-8.436237030568336,0
909,5.066069645626635,-8.62177118379167,0
910,5.154140766451653,-8.569412637958402,0
911,5.237651802316177,-8.518626861043634,0
912,5.030007605842547,-8.642859682140289,0
913,5.119715189700931,-8.590024236074399,0
914,5.205352159741219,-8.53840201050978,0
915,5.287100193310726,-8.488025185276825,0
916,5.36464755771739,-8.439227250256794,0
917,5.438974570164228,-8.391516884634557,0
918,5.293471777623635,-8.48405307264765,0
919,5.298458149888676,-8.480939879157159,0
920,5.071408295417983,-8.61863202028986,0
921,5.054915811728379,-8.628315370704668,0
922,4.7006075282549125,-8.826340627083981,0
923,4.343319863610892,-9.007528660091126,0
924,3.9855003480264632,-9.171465912049225,0
925,3.6554010803512833,-9.307955894919502,0
926,3.8067647264376916,-9.247082908547416,0
927,3.55550666664893,-9.346570084443545,0
928,3.709400035907621,-9.28656833139177,0
929,3.7451385345486883,-9.27221318548266,0
930,3.452637777007189,-9.385056866145396,0
931,3.6119534117739875,-9.324901744853628,0
932,3.3108945997962707,-9.435993691659606,0
933,3.3300028035599816,-9.429267274199129,0
934,2.975157760659844,-9.54716902014338,0
935,2.9940205719725275,-9.541270398359188,0
936,2.641331595817422,-9.644862228198836,0
937,2.297002406271184,-9.732614240047964,0
938,1.9866457826401653,-9.80067541214982,0
939,1.6631553318904766,-9.860725852694836,0
940,1.3509061811589063,-9.908332477753595,0
941,1.0451507920776668,-9.945233019985979,0
942,0.7430911341922092,-9.972352559265289,0
943,0.5064517723358255,-9.987167095943567,0
944,0.8007424582858188,-9.967889020023165,0
945,1.061352417520417,-9.943517036030238,0
946,0.7612352571558115,-9.970983947598297,0
947,1.0612338683675882,-9.671038771950561,0
948,0.7708404860567208,-9.371040399157364,0
949,0.935480063326275,-9.071040417038757,0
950,0.635480051405346,-8.771040405117828,0
951,0.33548006928673946,-8.4710403931969,0
952,0.0354800573658105,-8.17104038127597,0
953,-0.26451995455511845,-7.8710403693550415,0
954,-0.5645199664760474,-7.571040655457336,0
955,-0.8645199783969764,-7.271040643536407,0
956,-1.1645199903179053,-6.9710406316154785,0
957,-1.4645200022388343,-6.6710406196945495,0
958,-1.7645200141597632,-6.371040607773621,0
959,-2.064520026080692,-6.071040595852692,0
960,-2.364520038001621,-5.771040583931763,0
961,-2.66452004992255,-5.471040572010834,0
962,-2.964520061843479,-5.171040560089905,0
963,-3.264520073764408,-4.871040548168976,0
964,-3.564520085685337,-4.571040536248047,0
965,-3.864520097606266,-4.271040524327118,0
966,-4.164520109527195,-3.971040512406189,0
967,-4.464520121448124,-3.67104050048526,0
968,-4.764520133369053,-3.371040488564331,0
969,-5.064520145289982,-3.071040476643402,0
970,-5.364520157210911,-2.771040464722473,0
971,-5.66452016913184,-2.471040452801544,0
972,-5.964520181052769,-2.171040440880615,0
973,-6.2645201929736976,-1.8710404289596863,0
974,-6.564520026080692,-1.5710404170387573,0
975,-6.864520008199299,-1.2710404051178283,0
976,-7.164519841306293,-0.9710403931968994,0
977,-7.464519793622578,-0.6710403812759704,0
978,-7.764502400987232,-0.3710403693550415,0
979,-8.06447830282935,-0.07104035743411252,0
980,-8.364472235076512,0.22895965448681643,0
981,-8.067312146060551,0.5289596664077454,0
982,-7.875808189146603,0.8289596783286743,0
983,-7.9987027891803635,1.1289596902496033,0
984,-8.205363402597989,1.4289597021705323,0
985,-8.200617268670733,1.7289597140914612,0
986,-8.424009859551127,2.02895972601239,0
987,-8.124048888672526,2.328959737933319,0
988,-7.824054002751048,2.628959749854248,0
989,-7.524053990830119,2.928959761775177,0
990,-7.22405397890919,3.228959773696106,0
991,-6.924053966988261,3.528959785617035,0
992,-6.624053955067332,3.828959797537964,0
993,-6.324053943146403,4.128959809458893,0
994,-6.024053931225474,4.428959821379822,0
995,-5.724053919304545,4.728959833300751,0
996,-5.424053907383616,5.02895984522168,0
997,-5.124053895462687,5.328959857142609,0
998,-4.824053883541758,5.628959869063538,0
999,-4.524053871620829,5.928959880984467,0
